{
  "Upadate_Booking" : {
    "transaction" : "Upadate_Booking",
    "sampleCount" : 900,
    "errorCount" : 0,
    "errorPct" : 0.0,
    "meanResTime" : 727.2900000000006,
    "medianResTime" : 637.5,
    "minResTime" : 265.0,
    "maxResTime" : 1311.0,
    "pct1ResTime" : 1202.0,
    "pct2ResTime" : 1213.9499999999998,
    "pct3ResTime" : 1278.99,
    "throughput" : 67.39553691777745,
    "receivedKBytesPerSec" : 43.70735126179422,
    "sentKBytesPerSec" : 30.341154803804105
  },
  "Total" : {
    "transaction" : "Total",
    "sampleCount" : 4500,
    "errorCount" : 0,
    "errorPct" : 0.0,
    "meanResTime" : 4121.357111111115,
    "medianResTime" : 464.0,
    "minResTime" : 251.0,
    "maxResTime" : 22764.0,
    "pct1ResTime" : 18611.3,
    "pct2ResTime" : 20332.9,
    "pct3ResTime" : 21175.989999999998,
    "throughput" : 139.56950561379566,
    "receivedKBytesPerSec" : 88.13908173926866,
    "sentKBytesPerSec" : 41.54373565535637
  },
  "Create_Booking" : {
    "transaction" : "Create_Booking",
    "sampleCount" : 900,
    "errorCount" : 0,
    "errorPct" : 0.0,
    "meanResTime" : 18568.647777777776,
    "medianResTime" : 18608.5,
    "minResTime" : 13593.0,
    "maxResTime" : 22764.0,
    "pct1ResTime" : 20675.7,
    "pct2ResTime" : 21175.95,
    "pct3ResTime" : 22300.94,
    "throughput" : 29.243566415388614,
    "receivedKBytesPerSec" : 20.10663366949896,
    "sentKBytesPerSec" : 12.308571411164543
  },
  "Get_Booking" : {
    "transaction" : "Get_Booking",
    "sampleCount" : 900,
    "errorCount" : 0,
    "errorPct" : 0.0,
    "meanResTime" : 430.5744444444449,
    "medianResTime" : 403.0,
    "minResTime" : 256.0,
    "maxResTime" : 1240.0,
    "pct1ResTime" : 620.9,
    "pct2ResTime" : 713.9499999999999,
    "pct3ResTime" : 796.0,
    "throughput" : 68.33194138637917,
    "receivedKBytesPerSec" : 44.640791677738974,
    "sentKBytesPerSec" : 12.54531736390555
  },
  "Create_Token" : {
    "transaction" : "Create_Token",
    "sampleCount" : 900,
    "errorCount" : 0,
    "errorPct" : 0.0,
    "meanResTime" : 373.1133333333333,
    "medianResTime" : 291.0,
    "minResTime" : 251.0,
    "maxResTime" : 1335.0,
    "pct1ResTime" : 524.0,
    "pct2ResTime" : 1147.3999999999978,
    "pct3ResTime" : 1212.99,
    "throughput" : 68.04264005443412,
    "receivedKBytesPerSec" : 35.617546023285705,
    "sentKBytesPerSec" : 17.01066001360853
  },
  "Get_Upadated_Booking" : {
    "transaction" : "Get_Upadated_Booking",
    "sampleCount" : 900,
    "errorCount" : 0,
    "errorPct" : 0.0,
    "meanResTime" : 507.1600000000001,
    "medianResTime" : 442.0,
    "minResTime" : 259.0,
    "maxResTime" : 1460.0,
    "pct1ResTime" : 795.0,
    "pct2ResTime" : 827.9499999999999,
    "pct3ResTime" : 1029.96,
    "throughput" : 67.3803997903721,
    "receivedKBytesPerSec" : 43.44039817605001,
    "sentKBytesPerSec" : 12.370620274013627
  }
}