{
  "Upadate_Booking" : {
    "transaction" : "Upadate_Booking",
    "sampleCount" : 800,
    "errorCount" : 0,
    "errorPct" : 0.0,
    "meanResTime" : 342.8499999999996,
    "medianResTime" : 288.0,
    "minResTime" : 253.0,
    "maxResTime" : 819.0,
    "pct1ResTime" : 530.9,
    "pct2ResTime" : 636.0,
    "pct3ResTime" : 768.8200000000002,
    "throughput" : 71.78106774338268,
    "receivedKBytesPerSec" : 47.35578945154778,
    "sentKBytesPerSec" : 32.31550022431584
  },
  "Total" : {
    "transaction" : "Total",
    "sampleCount" : 4000,
    "errorCount" : 0,
    "errorPct" : 0.0,
    "meanResTime" : 3602.786000000001,
    "medianResTime" : 277.0,
    "minResTime" : 249.0,
    "maxResTime" : 19656.0,
    "pct1ResTime" : 16937.8,
    "pct2ResTime" : 18078.75,
    "pct3ResTime" : 18922.58999999999,
    "throughput" : 140.5678942929435,
    "receivedKBytesPerSec" : 89.12196680840596,
    "sentKBytesPerSec" : 41.84091228563396
  },
  "Create_Booking" : {
    "transaction" : "Create_Booking",
    "sampleCount" : 800,
    "errorCount" : 0,
    "errorPct" : 0.0,
    "meanResTime" : 16803.62124999998,
    "medianResTime" : 16937.0,
    "minResTime" : 12737.0,
    "maxResTime" : 19656.0,
    "pct1ResTime" : 18605.7,
    "pct2ResTime" : 18920.949999999997,
    "pct3ResTime" : 19202.31,
    "throughput" : 29.182169694316773,
    "receivedKBytesPerSec" : 19.750365632067556,
    "sentKBytesPerSec" : 12.282729627197781
  },
  "Get_Booking" : {
    "transaction" : "Get_Booking",
    "sampleCount" : 800,
    "errorCount" : 0,
    "errorPct" : 0.0,
    "meanResTime" : 297.3712499999998,
    "medianResTime" : 270.0,
    "minResTime" : 251.0,
    "maxResTime" : 780.0,
    "pct1ResTime" : 356.0,
    "pct2ResTime" : 460.89999999999986,
    "pct3ResTime" : 651.96,
    "throughput" : 71.72957948534027,
    "receivedKBytesPerSec" : 47.439415123733525,
    "sentKBytesPerSec" : 13.169102483636689
  },
  "Create_Token" : {
    "transaction" : "Create_Token",
    "sampleCount" : 800,
    "errorCount" : 0,
    "errorPct" : 0.0,
    "meanResTime" : 266.9949999999997,
    "medianResTime" : 263.0,
    "minResTime" : 249.0,
    "maxResTime" : 406.0,
    "pct1ResTime" : 278.0,
    "pct2ResTime" : 284.0,
    "pct3ResTime" : 381.98,
    "throughput" : 71.76818875033642,
    "receivedKBytesPerSec" : 37.4301942226608,
    "sentKBytesPerSec" : 17.9420471875841
  },
  "Get_Upadated_Booking" : {
    "transaction" : "Get_Upadated_Booking",
    "sampleCount" : 800,
    "errorCount" : 0,
    "errorPct" : 0.0,
    "meanResTime" : 303.0924999999999,
    "medianResTime" : 271.0,
    "minResTime" : 250.0,
    "maxResTime" : 725.0,
    "pct1ResTime" : 375.0,
    "pct2ResTime" : 484.0,
    "pct3ResTime" : 605.99,
    "throughput" : 71.87780772686433,
    "receivedKBytesPerSec" : 46.76655154986523,
    "sentKBytesPerSec" : 13.196316262353998
  }
}