{
  "Upadate_Booking" : {
    "transaction" : "Upadate_Booking",
    "sampleCount" : 980,
    "errorCount" : 0,
    "errorPct" : 0.0,
    "meanResTime" : 666.2234693877554,
    "medianResTime" : 576.0,
    "minResTime" : 262.0,
    "maxResTime" : 1714.0,
    "pct1ResTime" : 1168.0,
    "pct2ResTime" : 1234.9499999999998,
    "pct3ResTime" : 1516.6599999999992,
    "throughput" : 61.61197032566327,
    "receivedKBytesPerSec" : 39.85475213755815,
    "sentKBytesPerSec" : 27.737420234502704
  },
  "Total" : {
    "transaction" : "Total",
    "sampleCount" : 4900,
    "errorCount" : 0,
    "errorPct" : 0.0,
    "meanResTime" : 4135.468571428556,
    "medianResTime" : 449.0,
    "minResTime" : 250.0,
    "maxResTime" : 23488.0,
    "pct1ResTime" : 18350.700000000008,
    "pct2ResTime" : 21329.55,
    "pct3ResTime" : 22688.92,
    "throughput" : 148.55237229043504,
    "receivedKBytesPerSec" : 93.87748455737457,
    "sentKBytesPerSec" : 44.21754206457481
  },
  "Create_Booking" : {
    "transaction" : "Create_Booking",
    "sampleCount" : 980,
    "errorCount" : 0,
    "errorPct" : 0.0,
    "meanResTime" : 18674.75714285714,
    "medianResTime" : 18345.5,
    "minResTime" : 13137.0,
    "maxResTime" : 23488.0,
    "pct1ResTime" : 22491.8,
    "pct2ResTime" : 22688.6,
    "pct3ResTime" : 22792.38,
    "throughput" : 31.280921829614734,
    "receivedKBytesPerSec" : 21.431446303744135,
    "sentKBytesPerSec" : 13.166091121644483
  },
  "Get_Booking" : {
    "transaction" : "Get_Booking",
    "sampleCount" : 980,
    "errorCount" : 0,
    "errorPct" : 0.0,
    "meanResTime" : 469.26224489795817,
    "medianResTime" : 376.0,
    "minResTime" : 255.0,
    "maxResTime" : 1760.0,
    "pct1ResTime" : 712.8,
    "pct2ResTime" : 793.4499999999979,
    "pct3ResTime" : 1659.0,
    "throughput" : 62.5878145357006,
    "receivedKBytesPerSec" : 41.419584337878405,
    "sentKBytesPerSec" : 11.490731574913783
  },
  "Create_Token" : {
    "transaction" : "Create_Token",
    "sampleCount" : 980,
    "errorCount" : 0,
    "errorPct" : 0.0,
    "meanResTime" : 373.92040816326517,
    "medianResTime" : 305.0,
    "minResTime" : 250.0,
    "maxResTime" : 1373.0,
    "pct1ResTime" : 477.0,
    "pct2ResTime" : 933.9999999999782,
    "pct3ResTime" : 1291.19,
    "throughput" : 62.559846792211935,
    "receivedKBytesPerSec" : 31.63420393791893,
    "sentKBytesPerSec" : 15.639961698052986
  },
  "Get_Upadated_Booking" : {
    "transaction" : "Get_Upadated_Booking",
    "sampleCount" : 980,
    "errorCount" : 0,
    "errorPct" : 0.0,
    "meanResTime" : 493.1795918367345,
    "medianResTime" : 414.5,
    "minResTime" : 254.0,
    "maxResTime" : 1581.0,
    "pct1ResTime" : 790.0,
    "pct2ResTime" : 892.0,
    "pct3ResTime" : 1530.1399999999996,
    "throughput" : 63.743983348510476,
    "receivedKBytesPerSec" : 42.09026298458436,
    "sentKBytesPerSec" : 11.702996942890595
  }
}