{
  "Upadate_Booking" : {
    "transaction" : "Upadate_Booking",
    "sampleCount" : 1000,
    "errorCount" : 45,
    "errorPct" : 4.5,
    "meanResTime" : 435.32300000000043,
    "medianResTime" : 288.0,
    "minResTime" : 250.0,
    "maxResTime" : 10338.0,
    "pct1ResTime" : 459.0,
    "pct2ResTime" : 531.0,
    "pct3ResTime" : 4264.96,
    "throughput" : 46.52244708071645,
    "receivedKBytesPerSec" : 30.24490615550128,
    "sentKBytesPerSec" : 20.92596933879972
  },
  "Total" : {
    "transaction" : "Total",
    "sampleCount" : 5000,
    "errorCount" : 120,
    "errorPct" : 2.4,
    "meanResTime" : 4403.97240000001,
    "medianResTime" : 281.0,
    "minResTime" : 248.0,
    "maxResTime" : 31273.0,
    "pct1ResTime" : 19579.9,
    "pct2ResTime" : 23919.0,
    "pct3ResTime" : 25664.0,
    "throughput" : 127.82166321548178,
    "receivedKBytesPerSec" : 80.15047405859346,
    "sentKBytesPerSec" : 38.016883843661326
  },
  "Create_Booking" : {
    "transaction" : "Create_Booking",
    "sampleCount" : 1000,
    "errorCount" : 0,
    "errorPct" : 0.0,
    "meanResTime" : 20454.398,
    "medianResTime" : 19579.5,
    "minResTime" : 13823.0,
    "maxResTime" : 31273.0,
    "pct1ResTime" : 25113.2,
    "pct2ResTime" : 25664.0,
    "pct3ResTime" : 26687.120000000003,
    "throughput" : 26.690866385522874,
    "receivedKBytesPerSec" : 18.36673062743554,
    "sentKBytesPerSec" : 11.23414395718785
  },
  "Get_Booking" : {
    "transaction" : "Get_Booking",
    "sampleCount" : 1000,
    "errorCount" : 16,
    "errorPct" : 1.6,
    "meanResTime" : 361.63000000000045,
    "medianResTime" : 272.0,
    "minResTime" : 250.0,
    "maxResTime" : 10377.0,
    "pct1ResTime" : 367.0,
    "pct2ResTime" : 385.94999999999993,
    "pct3ResTime" : 3269.92,
    "throughput" : 46.505138817839374,
    "receivedKBytesPerSec" : 30.11948005801516,
    "sentKBytesPerSec" : 8.519841344812352
  },
  "Create_Token" : {
    "transaction" : "Create_Token",
    "sampleCount" : 1000,
    "errorCount" : 0,
    "errorPct" : 0.0,
    "meanResTime" : 345.5219999999997,
    "medianResTime" : 266.0,
    "minResTime" : 250.0,
    "maxResTime" : 9262.0,
    "pct1ResTime" : 283.0,
    "pct2ResTime" : 292.0,
    "pct3ResTime" : 4246.150000000009,
    "throughput" : 46.500813764240874,
    "receivedKBytesPerSec" : 23.744069329807022,
    "sentKBytesPerSec" : 11.625203441060219
  },
  "Get_Upadated_Booking" : {
    "transaction" : "Get_Upadated_Booking",
    "sampleCount" : 1000,
    "errorCount" : 59,
    "errorPct" : 5.9,
    "meanResTime" : 422.9890000000002,
    "medianResTime" : 275.0,
    "minResTime" : 248.0,
    "maxResTime" : 10326.0,
    "pct1ResTime" : 361.0,
    "pct2ResTime" : 388.89999999999986,
    "pct3ResTime" : 4280.92,
    "throughput" : 46.554934823091244,
    "receivedKBytesPerSec" : 29.735964414571693,
    "sentKBytesPerSec" : 8.5289640799581
  }
}