{
  "Upadate_Booking" : {
    "transaction" : "Upadate_Booking",
    "sampleCount" : 100,
    "errorCount" : 0,
    "errorPct" : 0.0,
    "meanResTime" : 269.2599999999999,
    "medianResTime" : 260.0,
    "minResTime" : 254.0,
    "maxResTime" : 316.0,
    "pct1ResTime" : 304.0,
    "pct2ResTime" : 311.9,
    "pct3ResTime" : 315.99,
    "throughput" : 14.226774790155073,
    "receivedKBytesPerSec" : 9.117362000284535,
    "sentKBytesPerSec" : 6.404827322520984
  },
  "Total" : {
    "transaction" : "Total",
    "sampleCount" : 500,
    "errorCount" : 0,
    "errorPct" : 0.0,
    "meanResTime" : 509.444,
    "medianResTime" : 262.5,
    "minResTime" : 250.0,
    "maxResTime" : 3390.0,
    "pct1ResTime" : 1060.8000000000002,
    "pct2ResTime" : 1646.4499999999982,
    "pct3ResTime" : 3378.99,
    "throughput" : 44.24778761061947,
    "receivedKBytesPerSec" : 28.613626935840706,
    "sentKBytesPerSec" : 13.170630530973451
  },
  "Create_Booking" : {
    "transaction" : "Create_Booking",
    "sampleCount" : 100,
    "errorCount" : 0,
    "errorPct" : 0.0,
    "meanResTime" : 1493.3600000000006,
    "medianResTime" : 1060.0,
    "minResTime" : 1023.0,
    "maxResTime" : 3390.0,
    "pct1ResTime" : 3113.7000000000007,
    "pct2ResTime" : 3378.95,
    "pct3ResTime" : 3389.92,
    "throughput" : 9.749439407234084,
    "receivedKBytesPerSec" : 6.573254850346105,
    "sentKBytesPerSec" : 4.1035238130057525
  },
  "Get_Booking" : {
    "transaction" : "Get_Booking",
    "sampleCount" : 100,
    "errorCount" : 0,
    "errorPct" : 0.0,
    "meanResTime" : 262.38000000000005,
    "medianResTime" : 261.0,
    "minResTime" : 251.0,
    "maxResTime" : 293.0,
    "pct1ResTime" : 272.9,
    "pct2ResTime" : 276.95,
    "pct3ResTime" : 292.96999999999997,
    "throughput" : 14.214641080312722,
    "receivedKBytesPerSec" : 9.742581734186212,
    "sentKBytesPerSec" : 2.6097192608386637
  },
  "Create_Token" : {
    "transaction" : "Create_Token",
    "sampleCount" : 100,
    "errorCount" : 0,
    "errorPct" : 0.0,
    "meanResTime" : 262.0299999999999,
    "medianResTime" : 258.0,
    "minResTime" : 250.0,
    "maxResTime" : 299.0,
    "pct1ResTime" : 277.9,
    "pct2ResTime" : 280.95,
    "pct3ResTime" : 298.96999999999997,
    "throughput" : 14.236902050113894,
    "receivedKBytesPerSec" : 7.926923538937927,
    "sentKBytesPerSec" : 3.559225512528474
  },
  "Get_Upadated_Booking" : {
    "transaction" : "Get_Upadated_Booking",
    "sampleCount" : 100,
    "errorCount" : 0,
    "errorPct" : 0.0,
    "meanResTime" : 260.19000000000017,
    "medianResTime" : 258.0,
    "minResTime" : 252.0,
    "maxResTime" : 285.0,
    "pct1ResTime" : 269.9,
    "pct2ResTime" : 272.0,
    "pct3ResTime" : 284.95,
    "throughput" : 14.238929232521714,
    "receivedKBytesPerSec" : 9.626712008756941,
    "sentKBytesPerSec" : 2.6141784137832835
  }
}