{
  "Upadate_Booking" : {
    "transaction" : "Upadate_Booking",
    "sampleCount" : 700,
    "errorCount" : 0,
    "errorPct" : 0.0,
    "meanResTime" : 430.18000000000006,
    "medianResTime" : 335.0,
    "minResTime" : 256.0,
    "maxResTime" : 2815.0,
    "pct1ResTime" : 1005.5999999999999,
    "pct2ResTime" : 1136.7999999999997,
    "pct3ResTime" : 1708.0,
    "throughput" : 36.07689532546513,
    "receivedKBytesPerSec" : 23.160631973792714,
    "sentKBytesPerSec" : 16.205461542673813
  },
  "Total" : {
    "transaction" : "Total",
    "sampleCount" : 3500,
    "errorCount" : 0,
    "errorPct" : 0.0,
    "meanResTime" : 3953.8268571428493,
    "medianResTime" : 337.0,
    "minResTime" : 253.0,
    "maxResTime" : 25430.0,
    "pct1ResTime" : 18040.6,
    "pct2ResTime" : 20368.95,
    "pct3ResTime" : 21989.569999999992,
    "throughput" : 97.31954176398621,
    "receivedKBytesPerSec" : 61.345823905502726,
    "sentKBytesPerSec" : 28.909198912454123
  },
  "Create_Booking" : {
    "transaction" : "Create_Booking",
    "sampleCount" : 700,
    "errorCount" : 0,
    "errorPct" : 0.0,
    "meanResTime" : 18088.332857142846,
    "medianResTime" : 18039.0,
    "minResTime" : 12504.0,
    "maxResTime" : 25430.0,
    "pct1ResTime" : 21173.6,
    "pct2ResTime" : 21987.85,
    "pct3ResTime" : 23205.63,
    "throughput" : 20.729684908789384,
    "receivedKBytesPerSec" : 14.525123637763564,
    "sentKBytesPerSec" : 8.725091987976782
  },
  "Get_Booking" : {
    "transaction" : "Get_Booking",
    "sampleCount" : 700,
    "errorCount" : 0,
    "errorPct" : 0.0,
    "meanResTime" : 452.38999999999993,
    "medianResTime" : 325.0,
    "minResTime" : 253.0,
    "maxResTime" : 3900.0,
    "pct1ResTime" : 1101.3999999999999,
    "pct2ResTime" : 1150.9499999999998,
    "pct3ResTime" : 1971.8900000000037,
    "throughput" : 37.68506056527591,
    "receivedKBytesPerSec" : 24.787706090174968,
    "sentKBytesPerSec" : 6.880940864737551
  },
  "Create_Token" : {
    "transaction" : "Create_Token",
    "sampleCount" : 700,
    "errorCount" : 0,
    "errorPct" : 0.0,
    "meanResTime" : 389.428571428572,
    "medianResTime" : 313.0,
    "minResTime" : 255.0,
    "maxResTime" : 1871.0,
    "pct1ResTime" : 432.9,
    "pct2ResTime" : 1145.4999999999993,
    "pct3ResTime" : 1385.99,
    "throughput" : 36.16262850648344,
    "receivedKBytesPerSec" : 18.123288732758176,
    "sentKBytesPerSec" : 9.04065712662086
  },
  "Get_Upadated_Booking" : {
    "transaction" : "Get_Upadated_Booking",
    "sampleCount" : 700,
    "errorCount" : 0,
    "errorPct" : 0.0,
    "meanResTime" : 408.80285714285685,
    "medianResTime" : 328.5,
    "minResTime" : 253.0,
    "maxResTime" : 2126.0,
    "pct1ResTime" : 942.3999999999999,
    "pct2ResTime" : 1048.0,
    "pct3ResTime" : 1218.7500000000002,
    "throughput" : 36.080614401319515,
    "receivedKBytesPerSec" : 23.458942999072214,
    "sentKBytesPerSec" : 6.587983947348075
  }
}