{
  "Upadate_Booking" : {
    "transaction" : "Upadate_Booking",
    "sampleCount" : 500,
    "errorCount" : 0,
    "errorPct" : 0.0,
    "meanResTime" : 330.8960000000002,
    "medianResTime" : 301.0,
    "minResTime" : 249.0,
    "maxResTime" : 805.0,
    "pct1ResTime" : 459.0,
    "pct2ResTime" : 486.95,
    "pct3ResTime" : 499.99,
    "throughput" : 53.08419152776303,
    "receivedKBytesPerSec" : 35.3530347568744,
    "sentKBytesPerSec" : 23.89825419365113
  },
  "Total" : {
    "transaction" : "Total",
    "sampleCount" : 2500,
    "errorCount" : 0,
    "errorPct" : 0.0,
    "meanResTime" : 2508.210000000001,
    "medianResTime" : 283.0,
    "minResTime" : 245.0,
    "maxResTime" : 13393.0,
    "pct1ResTime" : 11489.9,
    "pct2ResTime" : 12017.75,
    "pct3ResTime" : 12412.949999999999,
    "throughput" : 118.79306248515087,
    "receivedKBytesPerSec" : 76.00695681872178,
    "sentKBytesPerSec" : 35.359497505345686
  },
  "Create_Booking" : {
    "transaction" : "Create_Booking",
    "sampleCount" : 500,
    "errorCount" : 0,
    "errorPct" : 0.0,
    "meanResTime" : 11337.954,
    "medianResTime" : 11489.5,
    "minResTime" : 7945.0,
    "maxResTime" : 13393.0,
    "pct1ResTime" : 12261.0,
    "pct2ResTime" : 12412.75,
    "pct3ResTime" : 13111.81,
    "throughput" : 25.143316906366287,
    "receivedKBytesPerSec" : 17.199747545383687,
    "sentKBytesPerSec" : 10.582782799456904
  },
  "Get_Booking" : {
    "transaction" : "Get_Booking",
    "sampleCount" : 500,
    "errorCount" : 0,
    "errorPct" : 0.0,
    "meanResTime" : 289.756,
    "medianResTime" : 274.0,
    "minResTime" : 247.0,
    "maxResTime" : 784.0,
    "pct1ResTime" : 345.90000000000003,
    "pct2ResTime" : 367.0,
    "pct3ResTime" : 447.0,
    "throughput" : 53.38458253256459,
    "receivedKBytesPerSec" : 35.84555756859919,
    "sentKBytesPerSec" : 9.801075699338032
  },
  "Create_Token" : {
    "transaction" : "Create_Token",
    "sampleCount" : 500,
    "errorCount" : 0,
    "errorPct" : 0.0,
    "meanResTime" : 277.4679999999999,
    "medianResTime" : 256.0,
    "minResTime" : 245.0,
    "maxResTime" : 998.0,
    "pct1ResTime" : 271.90000000000003,
    "pct2ResTime" : 297.74999999999994,
    "pct3ResTime" : 939.96,
    "throughput" : 53.401687493324786,
    "receivedKBytesPerSec" : 28.000319575723594,
    "sentKBytesPerSec" : 13.350421873331198
  },
  "Get_Upadated_Booking" : {
    "transaction" : "Get_Upadated_Booking",
    "sampleCount" : 500,
    "errorCount" : 0,
    "errorPct" : 0.0,
    "meanResTime" : 304.9760000000001,
    "medianResTime" : 272.0,
    "minResTime" : 247.0,
    "maxResTime" : 906.0,
    "pct1ResTime" : 379.0,
    "pct2ResTime" : 398.0,
    "pct3ResTime" : 877.9300000000001,
    "throughput" : 53.14061005420342,
    "receivedKBytesPerSec" : 34.71628311324264,
    "sentKBytesPerSec" : 9.756283877138909
  }
}